CODICETOOL,PROV,COMUNE,DENOMINAZIONE,CODICE,LOCALITA,X,Y,Q,NOTE,STRAT.,FALDA,INZ_FLT,FIN_FLT,FLT1_DA,FLT1_A,FLT2_DA,FLT2_A,FLT3_DA,FLT3_A,FLT4_DA,FLT4_A,FLT5_DA,FLT5_A,FLT6_DA,FLT6_A,FLT7_DA,FLT7_A,FLT8_DA,FLT8_A,FLT9_DA,FLT9_A,FLT10_DA,FLT10_A,FLT11_DA,FLT11_A,FLT12_DA,FLT12_A,L.S. ,L.D. ,Q.1,ANNO,PROFONDITA' COLONNA
A.I. GORDONAPO014032OR0001,SO,A.I. GORDONA,,PO014032OR0001,GORDONA - Area Industriale,1529150.0,5125002.0,227.965,,,1,,,,,,,,,,,,,,,,,,,,,,,,,,,,,,,
ACQUAFREDDA3,BS,ACQUAFREDDA,ASM,3,VIA 1 MAGGIO,1610842.0,5018188.0,56.2,,,,,,,,,,,,,,,,,,,,,,,,,,,,,,,,,,
ALBAIRATE0150050010,MI - Par.,ALBAIRATE,,0150050010,c.na Faustina PRIV.,1495936.0,5028883.0,123.16,,,1,,,,,,,,,,,,,,,,,,,,,,,,,,,,,,,
ALBIZZATEPO1200200800T0,VA,ALBIZZATE,,PO1200200800T0,via G. Rossa 8,1485030.0,5065340.0,317.9,,X,SUPERF.,,,,,,,,,,,,,,,,,,,,,,,,,,,,,,,
ALBONESE35,PV,ALBONESE,1,35,,1477055.0,5015750.0,116.0,,,,,,,,,,,,,,,,,,,,,,,,,,,,,,,,,,
ALFIANELLO2,BS,ALFIANELLO,ASM,2,BREDA MATTINA,1590940.0,5013084.0,53.2,,,,,,,,,,,,,,,,,,,,,,,,,,,,,,,,,,
ANNICCO019003.0005,CR,ANNICCO,,019003.0005,via A. da Brescia,1569250.375,5010522.0,60.0,,X,2,103.4,116.9,103.4,116.9,,,,,,,,,,,,,,,,,,,,,,,,,,,122.0
APPIANO GENTILE7,CO,APPIANO GENTILE,Comune,7,Via Mazzini,1498475.0,5064290.0,352.0,,,2,,,,,,,,,,,,,,,,,,,,,,,,,,,,,,,
ARCISATEPO1200400100T0,VA,ARCISATE,,PO1200400100T0,via Piave,1489675.0,5078705.0,362.22,,X,SUPERF. (acquifero locale),,,,,,,,,,,,,,,,,,,,,,,,,,,,,,,
ARCONATE0150070002,MI,ARCONATE,,0150070002, via Turati,1488408.0,5043208.0,179.17,,,,,,,,,,,,,,,,,,,,,,,,,,,,,,,,,,
ASOLA4,MN,ASOLA,,4,Comune,1610990.0,5008890.0,41.5,,X,3,,,,,,,,,,,,,,,,,,,,,,,,,,,,,,,
AZZANO MELLA4,BS,AZZANO MELLA,ARPA,4,C.na bonifica Nuova,1586806.0,5037145.0,101.0,,,1,,,,,,,,,,,,,,,,,,,,,,,,,,,,,,,
BAGNOLO MELLA5,BS,BAGNOLO MELLA,ASM,5,via Montegrappa,1593133.0,5030861.0,86.0,,,1,,,,,,,,,,,,,,,,,,,,,,,,,,,,,,,
BAGNOLO MELLA6,BS,BAGNOLO MELLA,ASM,6,Pedrocca,1592295.0,5031974.0,89.02,,,2,,,,,,,,,,,,,,,,,,,,,,,,,,,,,,,
BASIGLIO0150150001,MI - Città,BASIGLIO,,0150150001,p.zza M. Rossi-Chiesa,1512870.0,5021817.0,96.68,,X,1,,,,,,,,,,,,,,,,,,,,,,,,,,,,,,,
BASIGLIO0150150005,MI - Città,BASIGLIO,,0150150005,Vivaldi,1512099.0,5023725.0,100.53,,X,3,,,,,,,,,,,,,,,,,,,,,,,,,,,,,,,
BEDIZZOLE7,BS,BEDIZZOLE,ASM,7,Bettoletto,1609377.0,5040733.0,149.9,,,2,,,,,,,,,,,,,,,,,,,,,,,,,,,,,,,
BELGIOIOSO12,PV,BELGIOIOSO,5,12,via Dante,1523740.0,5000800.0,75.8,,X,1,,,,,,,,,,,,,,,,,,,,,,,,,,,,,,,
BEREGUARDO28,PV,BEREGUARDO,2,28,via S. Antonino,1502480.0,5011810.0,95.0,,X,2,,,,,,,,,,,,,,,,,,,,,,,,,,,,,,,
BERGAMO0160240273,BG,BERGAMO,N. Istit. Ital. d' Arti Grafiche S.p.a.,0160240273,via Zanica,1552436.0,5057637.0,231.4,,X,1,,,,,,,,,,,,,,,,,,,,,,,,,,,51.0,55.0,20.0,1965.0,86.0
BERNATE TICINO0150190001,MI - Par.,BERNATE TICINO,,0150190001,via Pellico-Casate,1486563.0,5037866.0,139.53,,X,1,,,,,,,,,,,,,,,,,,,,,,,,,,,,,,,
BERNINAPO014061OU0002,SO,BERNINA,pozzo 4,PO014061OU0002,SONDRIO -via Bernina ,1566441.0,5113304.0,292.913,,X,1,,,,,,,,,,,,,,,,,,,,,,,,,,,,,,,
BERTONICO0980020002,LO,BERTONICO,CAP                        ,0980020002,via Garibaldi,1552858.0,5009264.0,46.44,,X,2,,,,,,,,,,,,,,,,,,,,,,,,,,,,,,,
BIGARELLO12,MN,BIGARELLO,,12,Sol S.p.a.,1650940.0,5005680.0,24.5,,,3,,,,,,,,,,,,,,,,,,,,,,,,,,,,,,,
BINAGO13(19),CO,BINAGO,Comune   pozzo Acacie 3,13(19),via delle Acacie,1492848.0,5069930.0,373.0,,X,2,,,,,,,,,,,,,,,,,,,,,,,,,,,,,,,
BOARIOPO014066OU0001,SO,BOARIO,,PO014066OU0001,TIRANO - Foro Boario,1589850.0,5118181.0,425.776,,X,1,,,,,,,,,,,,,,,,,,,,,,,,,,,,,,,
BOLGARE0160281385,BG,BOLGARE,Lartigianabottoni S.p.a.,0160281385,"via Papa Giovanni XXIII, 26",1563060.0,5053915.0,199.0,,X,2,,,,,,,,,,,,,,,,,,,,,,,,,,,,,,,102.0
BORGOFRANCO SUL PO15,MN,BORGOFRANCO SUL PO,,15,Residenza alla Pace,1673730.0,4991070.0,13.6,,,2,,,,,,,,,,,,,,,,,,,,,,,,,,,,,,,
BORNASCO7,PV,BORNASCO,1,7,presso Municipio,1517200.0,5012745.0,82.0,,X,1,,,,,,,,,,,,,,,,,,,,,,,,,,,,,,,
BOZZOLO17,MN,BOZZOLO,,17,COMUNE,1616760.0,4995900.0,27.3,,,,,,,,,,,,,,,,,,,,,,,,,,,,,,,,,,
BREGNANO7(9),CO,BREGNANO,Cons. Lura Ambiente   pozzo 6,7(9),loc. Puginate,1503775.0,5061925.0,285.0,,X,2,,,,,,,,,,,,,,,,,,,,,,,,,,,,,,,
BREMBATE0160370011,BG,BREMBATE,Beiersdorf S.p.a.,0160370011,"via dei Murari, 7",1542716.0,5050800.0,181.0,,X,3,93.0,116.0,93.0,96.0,102.31,116.0,,,,,,,,,,,,,,,,,,,,,29.0,31.0,43.84,,125.0
BREME52,PV,BREME,1,52,Presso Municipio,1470225.0,4997100.0,95.7,,,,,,,,,,,,,,,,,,,,,,,,,,,,,,,,,,
BRENNA11(15),CO,BRENNA,Soc. Pragma Spa   pozzo 3,11(15),Loc. Pozzolo,1514972.0,5064371.0,342.0,,X,2,,,,,,,,,,,,,,,,,,,,,,,,,,,,,,,
BRESCIA8,BS,BRESCIA,ASM,8,via Brianze,1596060.0,5046080.0,164.9,,X,2,,,,,,,,,,,,,,,,,,,,,,,,,,,,,,,
BRUGHERIO0150340123,MI - MONZA,BRUGHERIO,CAP,0150340123,via Volano FEM,1523293.0,5042878.0,139.0,,,,,,,,,,,,,,,,,,,,,,,,,,,,,,,,,,
BUBBIANO0150350003,MI - Par.,BUBBIANO,,0150350003,via Noè,1501099.0,5019569.0,104.19,,X,3,,,,,,,,,,,,,,,,,,,,,,,,,,,,,,,
BUCCINASCO0150360002,MI - Par.,BUCCINASCO,,0150360002,via  Lario,1508474.0,5029898.0,107.39,,X,2,,,,,,,,,,,,,,,,,,,,,,,,,,,,,,,
BULGAROGRASSO6(8),CO,BULGAROGRASSO,Az. Colline Comasche pozzo 1,6(8),via Montichiari,1500420.0,5065600.0,327.0,,X,2,,,,,,,,,,,,,,,,,,,,,,,,,,,,,,,
BUSTO A.PO1202602103T0,VA,BUSTO A.,,PO1202602103T0,ZONA INDUSTRIALE,1486405.0,5048283.0,210.5,,,,,,,,,,,,,,,,,,,,,,,,,,,,,,,,,,
CABIATE12(17),CO,CABIATE,S.E.T. srl   pozzo 1,12(17),via Buozzi,1514195.0,5057470.0,237.0,,X,2,,,,,,,,,,,,,,,,,,,,,,,,,,,,,,,
CANDIA45,PV,CANDIA,ASM - 1,45,,1468415.0,5003205.0,103.2,,X,2,,,,,,,,,,,,,,,,,,,,,,,,,,,,,,,
CANTU'010 (14),CO,CANTU',Canturina Servizi spa   pozzo S. Antonino,010 (14),Cascna S.Antonino,1509350.0,5065650.0,305.0,,X,2,,,,,,,,,,,,,,,,,,,,,,,,,,,,,,,
CANTU'13,CO,CANTU',p. Asnago 4  Canturina Servizi spa,13,Asnago,,,260.0,,,,,,,,,,,,,,,,,,,,,,,,,,,,,,,,,,
CAPIAGO INTIMIANO015 (22),CO,CAPIAGO INTIMIANO,Az.Colline Com. pozzo Guastone 1,015 (22),Via Roma,1510495.0,5068940.0,420.0,,X,2,,,,,,,,,,,,,,,,,,,,,,,,,,,,,,,
CAPPELLA DE' PICENARDI019014.0001,CR,CAPPELLA DE' PICENARDI,,019014.0001,via Cavour,1596934.0,5001321.0,42.0,,X,3,153.6,163.1,153.6,163.1,,,,,,,,,,,,,,,,,,,,,,,,,,,169.0
CARAVAGGIO0160530002,BG,CARAVAGGIO,Amministrazione Comunale,0160530002,via Zelioli,1550077.0,5039136.0,114.6,,,,,,,,,,,,,,,,,,,,,,,,,,,,,,,,,,
CARBONATE1,CO,CARBONATE,Acqua Serpio spa,1,via Giovanni XXIII,,,186.0,,,,,,,,,,,,,,,,,,,,,,,,,,,,,,,,,,
CARIMATE9(12),CO,CARIMATE,Canturina Servizi spa   pozzo 2,9(12),Valle Serenza,1508600.0,5060822.0,244.0,,x,2,,,,,,,,,,,,,,,,,,,,,,,,,,,,,,,
CARNATE0154900019,MI - MONZA,CARNATE,CAP,0154900019,Grandi x Usmate,1529290.0,5054175.0,215.226,,X,3,,,,,,,,,,,,,,,,,,,,,,,,,,,,,,,
CARNATE0154900021,MI - MONZA,CARNATE,CAP,0154900021,Grandi nuovo,1529290.0,5054175.0,215.226,,X,2,,,,,,,,,,,,,,,,,,,,,,,,,,,,,,,
CARONNO P.PO1203400600T0,VA,CARONNO P.,,PO1203400600T0,via della Vittoria,1503390.0,5049745.0,192.5,,X,MISTA,,,,,,,,,,,,,,,,,,,,,,,,,,,,,,,
CARPENEDOLO9,BS,CARPENEDOLO,ARPA,9,P. LAMETTA VIA ERCOLIANI,1612731.0,5025701.0,80.3,,,,,,,,,,,,,,,,,,,,,,,,,,,,,,,,,,
CASALE LITTAPO1203600300T0,VA,CASALE LITTA,,PO1203600300T0,Firello - Villa Dosia,1479360.0,5065190.0,280.72,,X,SUPERF. (acquifero locale),,,,,,,,,,,,,,,,,,,,,,,,,,,,,,,
CASALETTO VAPRIO019020.0001,CR,CASALETTO VAPRIO,,019020.0001,via Don Gnocchi,1549003.0,5028336.0,86.0,,X,3,,,,,,,,,,,,,,,,,,,,,,,,,,,,,,,
CASALMAGGIORE019021.0008,CR,CASALMAGGIORE,8,019021.0008,Vicomoscano,1613736.375,4981155.5,26.0,,X,2,138.0,142.0,138.0,142.0,,,,,,,,,,,,,,,,,,,,,,,,,,,165.0
CASALROMANO23,MN,CASALROMANO,,23,via del Dosso 18 - Fontanella Grazioli,1604660.0,5005280.0,37.90000153,,,2,,,,,,,,,,,,,,,,,,,,,,,,,,,,,,,
CASALROMANO24,MN,CASALROMANO,,24,via IV Novembre (vicino al pensile),1607830.0,5006280.0,37.70000076,,X,3,,,,,,,,,,,,,,,,,,,,,,,,,,,,,,,
CASALROMANO25,MN,CASALROMANO,,25,Gerelli Irene,1607280.0,5005820.0,37.8,,,2,,,,,,,,,,,,,,,,,,,,,,,,,,,,,,,
CASATENOVOPI097016101,LC,CASATENOVO,,PI097016101,MAGGIONI (EX PIRROTTA),1524964.0,5058591.0,294.1,,X,2,,,,,,,,,,,,,,,,,,,,,,,,,,,,,,,
CASEI GEROLA21,PV,CASEI GEROLA,2,21,St. per Castelnuovo ,1494095.0,4983105.0,80.9,,X,1,,,,,,,,,,,,,,,,,,,,,,,,,,,,,,,
CASSANO D'ADDA0150590001,MI - Città,CASSANO D'ADDA,,0150590001,Muzza I-5 Martiri,1540544.0,5041200.0,116.7,,,1,,,,,,,,,,,,,,,,,,,,,,,,,,,,,,,
CASSOLNOVO41,PV,CASSOLNOVO,4,41,via Tornura (pozzo vecchio),1484810.0,5023820.0,121.0,,X,2,,,,,,,,,,,,,,,,,,,,,,,,,,,,,,,
CASTEL D'ARIO26,MN,CASTEL D'ARIO,,26,v.le delle Industrie - Roppi,1655200.0,5005160.0,21.0,,,3,,,,,,,,,,,,,,,,,,,,,,,,,,,,,,,
CASTEL D'ARIO27,MN,CASTEL D'ARIO,,27,v.le delle Industrie - Roppi,1655220.0,5005120.0,21.0,,,2,,,,,,,,,,,,,,,,,,,,,,,,,,,,,,,
CASTELLUCCHIO31,MN,CASTELLUCCHIO,,31,vai Matteotti 23,1629710.0,5000790.0,27.79999924,,X,3,,,,,,,,,,,,,,,,,,,,,,,,,,,,,,,
CASTIGLIONE DELLE STIVIERE34,MN,CASTIGLIONE DELLE STIVIERE,,34,CASTIGLIONE S.C.R.L.,1615700.0,5026120.0,82.3,,,,,,,,,,,,,,,,,,,,,,,,,,,,,,,,,,
CASTREZZATO10,BS,CASTREZZATO,COGEME,10,via F.lli Cervi,1576452.0,5040679.0,129.5,,X,2,,,,,,,,,,,,,,,,,,,,,,,,,,,,,,,
CAVENAGO ADDA0980170003,LO,CAVENAGO ADDA,CAP             ,0980170003,via Valsecchi serb.,1547241.0,5014694.0,70.73,,X,1,,,,,,,,,,,,,,,,,,,,,,,,,,,,,,,
CAVENAGO ADDA0980170064,LO,CAVENAGO ADDA,,0980170064,Soltarico,1544810.0,5014760.0,73.0,,,,,,,,,,,,,,,,,,,,,,,,,,,,,,,,,,
CAVRIANA35,MN,CAVRIANA,,35,via Tezze 8pozzo 1),1625630.0,5021740.0,77.0,,X,2,,,,,,,,,,,,,,,,,,,,,,,,,,,,,,,
CAVRIANA36,MN,CAVRIANA,,36,TURATI ALESSANDRO,1625900.0,5025260.0,122.0,,,,,,,,,,,,,,,,,,,,,,,,,,,,,,,,,,
CAVRIANA37,MN,CAVRIANA,,37,Bassignani Cave s.n.c.,1625500.0,5020470.0,61.2,,,1,,,,,,,,,,,,,,,,,,,,,,,,,,,,,,,
CAZZAGO SAN MARTINO11,BS,CAZZAGO SAN MARTINO,COGEME,11,CALINO NUOVO,1580306.0,5049766.0,195.0,,,,,,,,,,,,,,,,,,,,,,,,,,,,,,,,,,
CAZZAGO SAN MARTINO48,BS,CAZZAGO SAN MARTINO,COGEME,48,Valle Bornato,1580570.0,5049919.0,196.65,,X,,,,,,,,,,,,,,,,,,,,,,,,,,,,,,,,
CERGNAGO55,PV,CERGNAGO,1,55,,1482375.0,5004830.0,102.0,,,,,,,,,,,,,,,,,,,,,,,,,,,,,,,,,,
CERMENATE018(2bis),CO,CERMENATE,Cons. Lura ambiente   pozzo 2,018(2bis),via Petrarca,1506475.0,5061530.0,305.0,,X, 2/3,,,,,,,,,,,,,,,,,,,,,,,,,,,,,,,
CERMENATE11,CO,CERMENATE,Consorzio Lura Ambiente spa,11,Via I Maggio,1505880.0,5060468.0,285.0,,,,,,,,,,,,,,,,,,,,,,,,,,,,,,,,,,
CERNUSCO LOMBARDONEPC097020003,LC,CERNUSCO LOMBARDONE,,PC097020003,VILLA,1530522.0,5059523.0,248.0,,X,2,,,,,,,,,,,,,,,,,,,,,,,,,,,,,,,
CERVESINA16,PV,CERVESINA,1,16,,1501295.0,4989950.0,70.7,,X,2,,,,,,,,,,,,,,,,,,,,,,,,,,,,,,,
CERVIGNANO A.0980180001,LO,CERVIGNANO A.,CAP               ,0980180001,p.zza Caduti,1533303.0,5024632.0,81.68,,X,1,,,,,,,,,,,,,,,,,,,,,,,,,,,,,,,
CHIEVE019029.0001,CR,CHIEVE,,019029.0001,via Zaninelli,1548491.25,5021128.5,78.0,,X,3,148.0,157.0,148.0,157.0,,,,,,,,,,,,,,,,,,,,,,,,,,,166.5
CHIGNOLO D'ISOLA0160722490,BG,CHIGNOLO D'ISOLA,Bergum Impianti / Flag,0160722490,"via Industriale, 1",1541538.0,5057511.0,214.9,,X,1,42.0,72.0,42.0,46.0,52.0,62.0,66.0,72.0,,,,,,,,,,,,,,,,,,,50.0,57.0,10.5,1967.0,78.0
CILAVEGNA38,PV,CILAVEGNA,ASM - 2,38,via Petrarca,1480220.0,5017495.0,115.5,,X,1,,,,,,,,,,,,,,,,,,,,,,,,,,,,,,,
CINGIA DE' BOTTI019031.0003,CR,CINGIA DE' BOTTI,,019031.0003,via Pievetta,1600202.0,4993266.5,30.0,,X,3,154.0,160.5,154.0,160.5,,,,,,,,,,,,,,,,,,,,,,,,,,,187.5
CINISELLO BALSAMO0150770023,MI - MONZA,CINISELLO BALSAMO,CAP,0150770023,via Galilei,1519410.0,5044683.0,150.67,,X,3,,,,,,,,,,,,,,,,,,,,,,,,,,,,,,,
CINISELLO BALSAMO0150770073,MI - MONZA,CINISELLO BALSAMO,CAP,0150770073,via Petrella,1517875.0,5045125.0,128.85,,,,,,,,,,,,,,,,,,,,,,,,,,,,,,,,,,
CITTIGLIOPO1205100100T0,VA,CITTIGLIO,,PO1205100100T0,Municipio,1474310.0,5082435.0,245.0,,X,SUPERF. (acquifero locale),,,,,,,,,,,,,,,,,,,,,,,,,,,,,,,
CIVIDATE AL PIANO0160731283,BG,CIVIDATE AL PIANO,Acciaieria di Cividate S.p.a. ,0160731283,Loc. Motta Alta,1565706.0,5042165.0,131.2,,X,MISTA 2/3,51.48,82.0,51.48,82.0,,,,,,,,,,,,,,,,,,,,,,,10.0,19.0,65.0,,82.0
COLOGNE12,BS,COLOGNE,ARPA,12,VIA BRESCIA,1573702.0,5047379.0,173.8,,,,,,,,,,,,,,,,,,,,,,,,,,,,,,,,,,
COMAZZO0980200001,LO,COMAZZO,CAP,0980200001,p.zza Caduti,1536534.0,5032132.0,93.02,,X,2,,,,,,,,,,,,,,,,,,,,,,,,,,,,,,,
COMEZZANO13,BS,COMEZZANO,CIZZAGO   COGEME,13,Pozzo centro Cizzago,1574308.0,5035632.0,106.5,,X,1,,,,,,,,,,,,,,,,,,,,,,,,,,,,,,,
CONCOREZZO0150840002,MI,CONCOREZZO,,0150840002,S.P.13 Malcantone,1525395.999,5047386.998,162.27,,,,,,,,,,,,,,,,,,,,,,,,,,,,,,,,,,
CORANA17,PV,CORANA,1 - 1,17,Strada per Silvano Pietra,1497225.0,4989280.0,70.0,,,,,,,,,,,,,,,,,,,,,,,,,,,,,,,,,,
CORBETTA0150850004,MI - Par.,CORBETTA,,0150850004,via Veneto,1494156.004,5034189.999,132.09,,X,1,,,,,,,,,,,,,,,,,,,,,,,,,,,,,,,
COREZZANA0150920003,MI - MONZA,COREZZANA,CAP,0150920003,via Fermi,1523723.0,5056321.0,247.15,,X,3,,,,,,,,,,,,,,,,,,,,,,,,,,,,,,,
CORNAREDO0150870001,MI - Par.,CORNAREDO,,0150870001,Campo Sportivo I,1501530.0,5037775.0,136.84,,,1,,,,,,,,,,,,,,,,,,,,,,,,,,,,,,,
COTONIPO014061OR0001,SO,COTONI,n.4,PO014061OR0001,SONDRIO - Marzotto,1567250.0,5112867.0,294.392,,X,1,,,,,,,,,,,,,,,,,,,,,,,,,,,,,,,
CURA6,PV,CURA,ASM - 1,6,Borghetto,1520475.0,5007050.0,71.4,,X,2,,,,,,,,,,,,,,,,,,,,,,,,,,,,,,,
CURTATONE42,MN,CURTATONE,,42,SARZI AMADE' ANTONIO,1633980.0,5000510.0,23.5,,,,,,,,,,,,,,,,,,,,,,,,,,,,,,,,,,
CURTATONE45,MN,CURTATONE,,45,via Donatori sangue,1639420.0,4998740.0,26.5,,,1,,,,,,,,,,,,,,,,,,,,,,,,,,,,,,,
CUSAGO0150970003,MI - Par.,CUSAGO,,0150970003,via Cervi fino a 5/99 p.1,1502657.0,5033450.0,127.1,,X,3,,,,,,,,,,,,,,,,,,,,,,,,,,,,,,,
DALMINE0160910003,BG,DALMINE,Amministrazione Comunale,0160910003,via Fiume Adda,1546509.0,5056225.0,211.8,,,3,134.0,272.5,134.0,140.0,146.0,152.0,166.0,172.0,181.0,184.0,193.0,196.0,204.0,205.5,208.0,211.0,213.5,218.0,229.0,235.0,247.0,250.0,257.0,263.0,267.5,272.5,,,,,
DESIO0151000003,MI - MONZA,DESIO,CAP,0151000003,via Torricelli,1516295.0,5051936.0,146.19,,X,1,,,,,,,,,,,,,,,,,,,,,,,,,,,,,,,
DORNO59,PV,DORNO,,59,via Cordara,1495780.0,5000315.0,88.1,,X,2,,,,,,,,,,,,,,,,,,,,,,,,,,,,,,,
FENEGRO'4(6),CO,FENEGRO',Antiga Spa   pozzo 2,4(6),Via Trento,1500090.0,5061970.0,305.0,,X,2,,,,,,,,,,,,,,,,,,,,,,,,,,,,,,,
FIESCO019043.0003,CR,FIESCO,,019043.0003,via F. Noli,1561257.5,5020927.0,72.0,,X,3,133.0,154.0,133.0,154.0,,,,,,,,,,,,,,,,,,,,,,,,,,,201.0
FIGINO SERENZA4 bis,CO,FIGINO SERENZA,soc. Pragma spa,4 bis,Loc Campaccio,1510815.0,5061625.0,300.0,,,,,,,,,,,,,,,,,,,,,,,,,,,,,,,,,,
FINO MORNASCO8(10),CO,FINO MORNASCO,Az.Colline Comasche   pozzo 2,8(10),Cascina Pazzea,1504625.0,5065990.0,299.0,,X,2,,,,,,,,,,,,,,,,,,,,,,,,,,,,,,,
FOMBIO0980260002,LO,FOMBIO,CAP                                 ,0980260002,via Giovanni XXIII,1554292.0,4998880.0,42.264,,X,2,,,,,,,,,,,,,,,,,,,,,,,,,,,,,,,
GALLARATEPO1207000900T0,VA,GALLARATE,,PO1207000900T0,via Alberone - via Ferrari,1483140.0,5055620.0,235.0,,X,SUPERF. (acquifero locale),,,,,,,,,,,,,,,,,,,,,,,,,,,,,,,
GALLARATEPO1207002201T0,VA,GALLARATE,,PO1207002201T0,via Monte S. Martino,1482360.0,5058150.0,271.0,,X,MISTA,,,,,,,,,,,,,,,,,,,,,,,,,,,,,,,
GAMBARA15,BS,GAMBARA,ASM,15,via Fiesse,1603746.0,5011956.0,47.7,,,2,,,,,,,,,,,,,,,,,,,,,,,,,,,,,,,
GARLASCO23,PV,GARLASCO,2,23,via Albera,1494570.0,5003840.0,91.1,,X,3,,,,,,,,,,,,,,,,,,,,,,,,,,,,,,,
GARLASCO26,PV,GARLASCO,3,26,via Bozzola - Palazzeto,1494065.0,5004980.0,90.8,,X,1,,,,,,,,,,,,,,,,,,,,,,,,,,,,,,,
GAZZUOLO49,MN,GAZZUOLO,,49,ITALGAS (VIADANA),1624010.0,4992410.0,23.5,,,,,,,,,,,,,,,,,,,,,,,,,,,,,,,,,,
GENZONE10,PV,GENZONE,1,10,Via cairoli,1527575.0,5002880.0,72.7,,,,,,,,,,,,,,,,,,,,,,,,,,,,,,,,,,
GERENZANOPO1207502002T0,VA,GERENZANO,,PO1207502002T0,Discarica - controllo,1497940.0,5052150.0,220.65,,X,SUPERF.,,,,,,,,,,,,,,,,,,,,,,,,,,,,,,,
GESSATE0151060008,MI-Città,GESSATE,,0151060008,p.zza Aturia 9,1534449.0,5044895.0,128.3,,,1,,,,,,,,,,,,,,,,,,,,,,,,,,,,,,,
GHEDI16,BS,GHEDI,ARPA,16,VIA CARAVAGGIO,1600058.0,5027965.0,80.5,,,,,,,,,,,,,,,,,,,,,,,,,,,,,,,,,,
GIUSSAGO63,PV,GIUSSAGO,5,63,Via F.lli Cervi,,,86.7,,,,,,,,,,,,,,,,,,,,,,,,,,,,,,,,,,
GIUSSAGO8,PV,GIUSSAGO,2,8,via Papa Giov. XXIII ,1511200.0,5014400.0,92.0,,X,2,,,,,,,,,,,,,,,,,,,,,,,,,,,,,,,
GONZAGA53,MN,GONZAGA,,53,via degli Arduini 22 - Bondeno,1646490.0,4978450.0,19.0,,,1,,,,,,,,,,,,,,,,,,,,,,,,,,,,,,,
GONZAGA54,MN,GONZAGA,,54,Grecav Officine S.p.a.,1642920.0,4979930.0,20.1,,X,3,,,,,,,,,,,,,,,,,,,,,,,,,,,,,,,
GORLE0161150118,BG,GORLE,Tintex S.p.a.,0161150118,"via Celadina, 2",1555493.0,5060225.0,261.5,,X,2,56.0,68.0,56.0,68.0,,,,,,,,,,,,,,,,,,,,,,,50.0,50.5,10.8,1975.0,70.5
GRAFFIGNANA0980280001,LO,GRAFFIGNANA,CAP                    ,0980280001,via Milano - serb.,1535471.0,5006700.0,64.27,,X,2,,,,,,,,,,,,,,,,,,,,,,,,,,,,,,,
GRASSOBBIO0161170112,BG,GRASSOBBIO,Cava delle Capannelle S.r.l.,0161170112,"via Capannelle, 19",1557640.0,5053380.0,195.1,,X,2,,,,,,,,,,,,,,,,,,,,,,,,,,,,,,,53.0
GRONTARDO019050.0002,CR,GRONTARDO,,019050.0002,Fraz. Levata,1589592.0,5006001.0,47.0,,X,3,156.5,169.0,156.5,169.0,,,,,,,,,,,,,,,,,,,,,,,,,,,179.0
GUIDIZZOLO55,MN,GUIDIZZOLO,,55,Cobelli Luigi,1622460.0,5020780.0,73.2,,,2,,,,,,,,,,,,,,,,,,,,,,,,,,,,,,,
GUSSOLA019052.0004,CR,GUSSOLA,,019052.0004,via Bergamonti,1606756.0,4984844.0,26.0,,X,2,74.4,77.4,74.4,77.4,,,,,,,,,,,,,,,,,,,,,,,,,,,177.0
IMBERSAGOPC097039001,LC,IMBERSAGO,,PC097039001,ROBBIATE1- via dei Mulini,1535411.0,5060791.0,198.0,,X,2,,,,,,,,,,,,,,,,,,,,,,,,,,,,,,,
IMBERSAGOPC097039003,LC,IMBERSAGO,,PC097039003,PONTICELLO- Strada Alzaia,1534898.0,5062596.0,196.0,,X,2,,,,,,,,,,,,,,,,,,,,,,,,,,,,,,,
INVERIGO18,CO,INVERIGO,Comune,18,C.na Rocchina,1517738.0,5065790.0,322.0,,,,,,,,,,,,,,,,,,,,,,,,,,,,,,,,,,
INZAGO0151140006,MI,INZAGO,,0151140006,vill.Residenziale,1536840.0,5041965.0,129.0,,,,,,,,,,,,,,,,,,,,,,,,,,,,,,,,,,
ISOLA DOVARESE019053.0002,CR,ISOLA DOVARESE,,019053.0002,via Fornace,1602524.875,5002716.0,38.0,,X,3,,,,,,,,,,,,,,,,,,,,,,,,,,,,,,,
ISORELLA17,BS,ISORELLA,ASM,17,P.ZA IV NOVEMBRE,1604050.0,5018573.0,57.0,,,,,,,,,,,,,,,,,,,,,,,,,,,,,,,,,,
ISSO0161220512-161220144,BG,ISSO,Boieri Luigi Clariant S.p.a. (Archimica),0161220512-161220144,C.na Secchi-S.S. 11 - Padana Superiore,1557501.0,5036628.0,104.6,,,,,,,,,,,,,,,,,,,,,,,,,,,,,,,,,,
IZANO019054.0003,CR,IZANO,,019054.0003,via Zanesa,1558392.375,5022772.0,77.0,,X,3,128.0,134.0,128.0,134.0,,,,,,,,,,,,,,,,,,,,,,,,,,,182.5
LAINATE0151160008,MI - Par.,LAINATE,,0151160008,Lainate Caronasca,1502320.0,5047210.0,180.0,,X,2,,,,,,,,,,,,,,,,,,,,,,,,,,,,,,,
LANDRIANO30,PV,LANDRIANO,ASM - 4,30,Strada Cerca,1520920.0,5017805.0,86.8,,,,,,,,,,,,,,,,,,,,,,,,,,,,,,,,,,
LANGOSCO46,PV,LANGOSCO,1 - 2,46,,1465575.0,5006900.0,106.3,,,,,,,,,,,,,,,,,,,,,,,,,,,,,,,,,,
LAZZATE0151170003,MI - Par.,LAZZATE,,0151170003,via S.Lorenzo-serb.,1506594.0,5058727.0,188.9,,X,2,,,,,,,,,,,,,,,,,,,,,,,,,,,,,,,
LENO18,BS,LENO,ARPA,18,VIA VIGANOVO 2,1596681.0,5025535.0,70.25,,,,,,,,,,,,,,,,,,,,,,,,,,,,,,,,,,
LEVATE0161260105,BG,LEVATE,Acquedotto Pianura Bergamasca,0161260105,"via per Levate, 40 - Osio Sotto ",1548179.0,5052042.0,180.9,,X,3,159.0,300.5,159.0,165.0,171.0,177.0,178.0,184.6,194.0,200.0,201.5,215.5,220.0,223.0,225.5,230.0,233.5,238.6,242.5,245.5,259.9,266.5,278.0,281.0,294.5,300.5,22.84,,,1993.0,315.0
LIMIDO COMASCO5,CO,LIMIDO COMASCO,Antiga Spa   pozzo 2,5,via Vicolo Scalini,1498324.0,5059851.0,280.0,,X,2,,,,,,,,,,,,,,,,,,,,,,,,,,,,,,,
LOCATE TRIULZI0151250001,MI - Città,LOCATE TRIULZI,,0151250001,p.zza Gramsci,1517398.0,5022688.0,96.26,,X,2,,,,,,,,,,,,,,,,,,,,,,,,,,,,,,,
LODIVECCHIO0980320002,LO,LODIVECCHIO,CAP                     ,0980320002,via Cabrini-serb.,1532570.0,5016525.0,74.23,,X,2,,,,,,,,,,,,,,,,,,,,,,,,,,,,,,,
LOMELLO53,PV,LOMELLO,,53,,1484075.0,4995560.0,90.0,,,,,,,,,,,,,,,,,,,,,,,,,,,,,,,,,,
LONATE P.PO1209000902T0,VA,LONATE P.,,PO1209000902T0,via Molinelli - Bellaria,1477670.0,5005023.0,207.4,,X,SUPERF.,,,,,,,,,,,,,,,,,,,,,,,,,,,,,,,
LONATE P.PO1209000903T0,VA,LONATE P.,,PO1209000903T0,via Molinelli - Bellaria,1477670.0,5050230.0,207.45,,X,PROFONDA,,,,,,,,,,,,,,,,,,,,,,,,,,,,,,,
LONATO19,BS,LONATO,ASM,19,Fenil Nuovo,1615024.0,5035985.0,159.5,,,2,,,,,,,,,,,,,,,,,,,,,,,,,,,,,,,
LONATO20,BS,LONATO,ASM,20,MADONNA DELLA SCOPERTA-NUOVO,1623515.0,5028075.0,104.57,,,,,,,,,,,,,,,,,,,,,,,,,,,,,,,,,,
LONATO47,BS,LONATO,ASM,47,Centenaro,1621050.0,5031077.0,103.1,,X,,,,,,,,,,,,,,,,,,,,,,,,,,,,,,,,
LUINOPO1209202100T0,VA,LUINO,,PO1209202100T0,via Forlanini,1480320.0,5093625.0,214.1,,X,SUPERF. (acquifero locale),,,,,,,,,,,,,,,,,,,,,,,,,,,,,,,
LURAGO D'ERBA16(23),CO,LURAGO D'ERBA,Soc. Pragma Spa,16(23),Pioppete,1518210.0,5067545.0,320.0,,X,2,,,,,,,,,,,,,,,,,,,,,,,,,,,,,,,
MACARIA63,MN,MACARIA,,63,Mec-Carni S.p.a.,1623050.0,4997930.0,28.0,,,3,,,,,,,,,,,,,,,,,,,,,,,,,,,,,,,
MACCASTORNA0980330001,LO,MACCASTORNA,CAP                 ,0980330001,via Roma,1567299.0,4999597.0,38.85,,X,2,,,,,,,,,,,,,,,,,,,,,,,,,,,,,,,
MADIGNANO019055.0002,CR,MADIGNANO,,019055.0002,via Dante,1556531.875,5021341.0,72.0,,X,3,141.0,147.0,141.0,147.0,,,,,,,,,,,,,,,,,,,,,,,,,,,166.0
MALAGNINO019056.0003,CR,MALAGNINO,,019056.0003,via Stazione,1587474.25,4998750.0,40.0,,X,2,131.5,134.5,131.5,134.5,,,,,,,,,,,,,,,,,,,,,,,,,,,164.0
MALEO0980350002,LO,MALEO,CAP                                  ,0980350002,p.zza 25 Aprile,1560100.0,5001920.0,44.76,,X,1,,,,,,,,,,,,,,,,,,,,,,,,,,,,,,,
MARCALLO CON CASONE0151340004,MI - Par.,MARCALLO CON CASONE,,0151340004,via Clerici,1490298.0,5037079.0,137.44,,X,3,,,,,,,,,,,,,,,,,,,,,,,,,,,,,,,
MARCARIA62,MN,MARCARIA,,62,Trofelli Giudo,1627770.0,4991910.0,23.1,,,1,,,,,,,,,,,,,,,,,,,,,,,,,,,,,,,
MARIANO COMENSE16,CO,MARIANO COMENSE,Pozzo 3   Pragma S.P.A,16,Via per Novedrate,1513175.0,5061640.0,289.0,,,,,,,,,,,,,,,,,,,,,,,,,,,,,,,,,,
MARIANO COMENSE20,CO,MARIANO COMENSE,Soc. Pragma S.P.A   Trotti Grande,20,Via S. d'Acquisto,1514310.0,5060568.0,255.0,,X,3,,,,,,,,,,,,,,,,,,,,,,,,,,,,,,,
MARIANO COMENSE5 bis,CO,MARIANO COMENSE,Pragma S.P.A,5 bis,Via S. D'Acquisto,1514310.0,5060568.0,255.0,,,,,,,,,,,,,,,,,,,,,,,,,,,,,,,,,,
MARTINENGO0161330158,BG,MARTINENGO,Stamperia di Martinengo S.r.l.,0161330158,"via Pinetti, 44",1559095.0,5046594.0,150.7,,,2,,,,,,,,,,,,,,,,,,,,,,,,,,,,,,,
MEDEnan,PV,MEDE,ASM - 3,,,,,,,,,,,,,,,,,,,,,,,,,,,,,,,,,,,,,,,
MEDIGLIA0151390001,MI - Città,MEDIGLIA,,0151390001,Via Stephenson,1526616.0,5028755.0,96.36,,X,2,,,,,,,,,,,,,,,,,,,,,,,,,,,,,,,
MERATEPC097048001,LC,MERATE,,PC097048001,REGONDINO,1531012.0,5061302.0,266.0,,X,2,,,,,,,,,,,,,,,,,,,,,,,,,,,,,,,
MEZZAGO0151450001,MI,MEZZAGO,,0151450001,via Unione,1534736.001,5052942.997,220.39,,,,,,,,,,,,,,,,,,,,,,,,,,,,,,,,,,
MILANO0151460036,MI - Città,MILANO,Acqued. Anfossi 16,0151460036,,1516872.0,5033973.0,115.0,,,3,,,,,,,,,,,,,,,,,,,,,,,,,,,,,,,
MILANO0151460040,MI - Città,MILANO,Acqued. C. Armi 4,0151460040,,1512512.0,5035801.0,123.7,,,2,,,,,,,,,,,,,,,,,,,,,,,,,,,,,,,
MILANO0151460290,MI - Città,MILANO,Acqued. C. Feltre 17,0151460290,,1518933.0,5037571.0,121.5,,,2,,,,,,,,,,,,,,,,,,,,,,,,,,,,,,,
MILANO0151460413,MI - Città,MILANO,Acqued. C. Ovidio 10,0151460413,,1519041.0,5033694.0,109.8,,,2,,,,,,,,,,,,,,,,,,,,,,,,,,,,,,,
MILANO0151460477,MI - Città,MILANO,Acqued. C. Salemi 8,0151460477,,1512360.0,5041410.0,141.5,,,3,,,,,,,,,,,,,,,,,,,,,,,,,,,,,,,
MILANO0151461120,MI - Città,MILANO,Fogn. PZ 40,0151461120,,1513631.0,5033934.0,117.74,,,1,,,,,,,,,,,,,,,,,,,,,,,,,,,,,,,
MILANO0151461313,MI - Città,MILANO,Fogn. PZ 43  ,0151461313,,1519749.0,5037968.0,119.3,,,1,,,,,,,,,,,,,,,,,,,,,,,,,,,,,,,
MILANO0151461379,MI - Città,MILANO,Fogn. PZ 54,0151461379,,1518799.0,5029419.0,103.4,,,1,,,,,,,,,,,,,,,,,,,,,,,,,,,,,,,
MILANO0151461435,MI - Città,MILANO,Fogn. PZ 20,0151461435,,1509933.0,5031679.0,114.2,,,1,,,,,,,,,,,,,,,,,,,,,,,,,,,,,,,
MILANO0151461534,MI - Città,MILANO,Fogn.PZ 4,0151461534,,1510149.0,5040199.0,138.83,,,1,,,,,,,,,,,,,,,,,,,,,,,,,,,,,,,
MISANO GERA D'ADDA0161350001,BG,MISANO GERA D'ADDA,Amministrazione Comunale,0161350001,via Garibaldi,1548577.0,5035708.0,104.1,,X,2,49.0,70.0,49.0,61.0,64.0,70.0,,,,,,,,,,,,,,,,,,,,,2.3,3.0,40.0,1974.0,82.0
MISSAGLIAPI097049101,LC,MISSAGLIA,,PI097049101,BRIVIO,1528143.0,5059731.0,274.5,,X,2,,,,,,,,,,,,,,,,,,,,,,,,,,,,,,,
MONTICHIARI21,BS,MONTICHIARI,ASM,21,Vighizzolo Nuovo,1606945.0,5033055.0,120.5,,,2,,,,,,,,,,,,,,,,,,,,,,,,,,,,,,,
MONTICHIARI45,BS,MONTICHIARI,ASM,45,Loc. Ro',1606700.0,5031100.0,104.85,,X,,,,,,,,,,,,,,,,,,,,,,,,,,,,,,,,
MONTIRONE23,BS,MONTIRONE,ASM,23,via Mercanti,1596004.0,5033224.0,100.8,,,1,,,,,,,,,,,,,,,,,,,,,,,,,,,,,,,
MONZA0151490084,MI - MONZA,MONZA,AGAM,0151490084,pozzo Battisti 2,1521014.0,5048849.0,174.0,,,2,,,,,,,,,,,,,,,,,,,,,,,,,,,,,,,
MONZAMBANO70,MN,MONZAMBANO,,70,Tosi Giovanni,1631850.0,5023970.0,110.2,,,1,,,,,,,,,,,,,,,,,,,,,,,,,,,,,,,
MORIMONDO0151500013,MI - Par.,MORIMONDO,,0151500013,Loc. Fallavecchia,1497393.0,5018893.0,103.74,,,2,,,,,,,,,,,,,,,,,,,,,,,,,,,,,,,
MORNAGOPO1210601101T0,VA,MORNAGO,,PO1210601101T0,VINAGO,1480820.0,5064970.0,289.4,,,,,,,,,,,,,,,,,,,,,,,,,,,,,,,,,,
MORNAGOPO1210601504T0,VA,MORNAGO,,PO1210601504T0,Montonate,1481720.0,5065240.0,289.7,,X,SUPERF. (acquifero locale),,,,,,,,,,,,,,,,,,,,,,,,,,,,,,,
MORTARA39,PV,MORTARA,Comune - 1,39,via Marsala,1479160.0,5010480.0,108.0,,X,3,,,,,,,,,,,,,,,,,,,,,,,,,,,,,,,
MOZZATE1 (2),CO,MOZZATE,Aqua Seprio spa   pozzo 4,1 (2),via Libertà,1495999.0,5058550.0,262.6,,X,2,,,,,,,,,,,,,,,,,,,,,,,,,,,,,,,
NAVE24,BS,NAVE,ASM,24,Prada,1598442.0,5048284.0,206.0,,,2,,,,,,,,,,,,,,,,,,,,,,,,,,,,,,,
NERVIANO0151540065,MI - Par.,NERVIANO,,0151540065,Cantone 65,1498320.0,5043055.0,166.0,,X,3,,,,,,,,,,,,,,,,,,,,,,,,,,,,,,,
NICORVO36,PV,NICORVO,,36,,1474020.0,5014550.0,113.9,,,,,,,,,,,,,,,,,,,,,,,,,,,,,,,,,,
NOVEDRATE019(3bis),CO,NOVEDRATE,Comune   pozzo 3,019(3bis),Villaggio Veneto - 1,1511046.0,5060448.0,282.0,,X,3,,,,,,,,,,,,,,,,,,,,,,,,,,,,,,,
OFFANENGO019062.0005,CR,OFFANENGO,,019062.0005,via Dante,1557924.5,5025552.0,81.0,,X,1,,,,,,,,,,,,,,,,,,,,,,,,,,,,,,,
OFFLAGA25,BS,OFFLAGA,ASM,25,Cignano,1586697.0,5025513.0,73.0,,,2,,,,,,,,,,,,,,,,,,,,,,,,,,,,,,,
OLGIATE COMASCO20,CO,OLGIATE COMASCO,Comune,20,via Repubblica,1498015.0,5068805.0,398.0,,,,,,,,,,,,,,,,,,,,,,,,,,,,,,,,,,
OLTRONA DI SAN MAMETTE14(21),CO,OLTRONA DI SAN MAMETTE,Az. Colline Comasche,14(21),Margè,1497860.0,5067095.0,373.0,,X,2,,,,,,,,,,,,,,,,,,,,,,,,,,,,,,,
ORIO LITTA0980420003,LO,ORIO LITTA,CAP                         ,0980420003,via Pio Rossi,1543820.0,5000952.0,51.5,,X,1,,,,,,,,,,,,,,,,,,,,,,,,,,,,,,,
OSNAGOPC097061011,LC,OSNAGO,,PC097061011,STATALE -via Statale,1530797.0,5057843.0,246.0,,X, 2/3,,,,,,,,,,,,,,,,,,,,,,,,,,,,,,,
OSTIGLIA76,MN,OSTIGLIA,,76,via San Romano Casetto 40/A,1667790.0,4994100.0,13.60000038,,,2,,,,,,,,,,,,,,,,,,,,,,,,,,,,,,,
OTTOBIANO56,PV,OTTOBIANO,,56,Strada per Valeggio,1487325.0,4999890.0,95.2,,,,,,,,,,,,,,,,,,,,,,,,,,,,,,,,,,
OZZERO0151650025,MI,OZZERO,,0151650025, v.25 Aprile-Faraon,1493904.997,5024331.997,107.99,,,,,,,,,,,,,,,,,,,,,,,,,,,,,,,,,,
PAGAZZANO0161540946,BG,PAGAZZANO,Arrigoni S.p.a.,0161540946,"via Morengo, 31",1552647.0,5042405.0,124.1,,,,,,,,,,,,,,,,,,,,,,,,,,,,,,,,,,
PALESTRO31,PV,PALESTRO,1,31,presso Municipio,1463525.0,5016650.0,120.5,,X,3,,,,,,,,,,,,,,,,,,,,,,,,,,,,,,,
PALOSCO0161573378,BG,PALOSCO,Comarmi S.n.c.,0161573378,"Via Bergamo, 1",1564618.0,5049592.0,160.0,,,,,,,,,,,,,,,,,,,,,,,,,,,,,,,,,,
PALOSCO0161573380,BG,PALOSCO,Valtulini Giacomo,0161573380,C.na Gritti,1564511.0,5046783.0,149.2,,X,1,16.58,48.5,16.58,48.5,,,,,,,,,,,,,,,,,,,,,,,15.2,,,1990.0,51.5
PANTIGLIATE0151670001,MI - Città,PANTIGLIATE,,0151670001,via D'Annunzio,1527170.0,5032050.0,97.39,,,2,,,,,,,,,,,,,,,,,,,,,,,,,,,,,,,
PAVIA4,PV,PAVIA,40,4,Campeggi 1,1510910.0,5006400.0,82.6,,,,,,,,,,,,,,,,,,,,,,,,,,,,,,,,,,
PAVONE DEL MELLA26,BS,PAVONE DEL MELLA,ASM,26,VIA GIOVANNI XXIII,1594740.0,5016924.0,54.0,,,,,,,,,,,,,,,,,,,,,,,,,,,,,,,,,,
PESCAROLO019069.0003,CR,PESCAROLO,3,019069.0003,Loc. Palestra,1593492.0,5005268.5,45.0,,X,3,167.0,192.0,167.0,192.0,,,,,,,,,,,,,,,,,,,,,,,,,,,192.5
PESCAROLOnan,CR,PESCAROLO,4,,Loc. Palestra,1593527.875,5005190.5,45.0,,,,,,,,,,,,,,,,,,,,,,,,,,,,,,,,,,
PESCHIERA BORROMEO0151710197,MI - Città,PESCHIERA BORROMEO,,0151710197,FEM Mezzate,1522946.0,5032854.0,105.61,,,1,,,,,,,,,,,,,,,,,,,,,,,,,,,,,,,
PIADENA019071.0003,CR,PIADENA,,019071.0003,via Bassa,1607835.25,4998399.5,34.0,,X,3,158.5,172.0,158.5,172.0,,,,,,,,,,,,,,,,,,,,,,,,,,,181.5
PIEVE FISSIRAGA0980450001,LO,PIEVE FISSIRAGA,CAP            ,0980450001,C.na S.Antonio,1535548.0,5013741.0,72.89,,X,1,,,,,,,,,,,,,,,,,,,,,,,,,,,,,,,
PIEVE15,PV,PIEVE,ASM - 2,15,,1534830.0,4995238.0,54.9,,X,1,,,,,,,,,,,,,,,,,,,,,,,,,,,,,,,
PINAROLO18,PV,PINAROLO,1,18,,1512525.0,4989200.0,68.0,,X,1,,,,,,,,,,,,,,,,,,,,,,,,,,,,,,,
PIZZIGHETTONE019076.0006,CR,PIZZIGHETTONE,,019076.0006,via Stadio,1562536.875,5004476.5,46.0,,X,3,121.0,129.0,121.0,129.0,,,,,,,,,,,,,,,,,,,,,,,,,,,182.0
POMPIANO28,BS,POMPIANO,COGEME,28,via Noce,1577244.0,5031736.0,93.7,,,1,,,,,,,,,,,,,,,,,,,,,,,,,,,,,,,
PONTE S. PIETRO0161700003,BG,PONTE S. PIETRO,Amministrazione Comunale,0161700003,via Moioli,1545759.0,5060572.0,225.2,,,2,,,,,,,,,,,,,,,,,,,,,,,,,,,,,,,
PONTE S. PIETRO0161700005,BG,PONTE S. PIETRO,Amministrazione Comunale,0161700005,Via Papa Giovanni XXIII,1545242.0,5060590.0,239.2,,,,,,,,,,,,,,,,,,,,,,,,,,,,,,,,,,
PONTI SUL MINCIO80,MN,PONTI SUL MINCIO,,80,Scala Erbesti Giuseppina,1633160.0,5027910.0,64.5,,,1,,,,,,,,,,,,,,,,,,,,,,,,,,,,,,,
PORTALBERA13,PV,PORTALBERA,ASM - 5,13,Cassinassa,1524334.0,4993150.0,69.0,,X,1,,,,,,,,,,,,,,,,,,,,,,,,,,,,,,,
POZZAGLIO019077.0001,CR,POZZAGLIO,,019077.0001,via bongiovanni,1582847.0,5005656.0,50.0,,X,3,181.2,194.9,181.2,194.9,,,,,,,,,,,,,,,,,,,,,,,,,,,201.0
PROVAGLIO D'ISEO29,BS,PROVAGLIO D'ISEO,COGEME,29,Pozzo Nuovo,1580523.0,5053088.0,208.0,,X,3,,,,,,,,,,,,,,,,,,,,,,,,,,,,,,,
PUMENENGO0161770001,BG,PUMENENGO,Amministrazione Comunale,0161770001,"viale Europa, 9",1567778.0,5036490.0,110.4,,,,,,,,,,,,,,,,,,,,,,,,,,,,,,,,,,
QUINGENTOLE81,MN,QUINGENTOLE,,81,Zona Artigianale Gabbiana,1660760.0,4988860.0,13.10000038,,X,3,,,,,,,,,,,,,,,,,,,,,,,,,,,,,,,
REDONDESCO84,MN,REDONDESCO,,84,via Bologne (vicino al pensile),1618690.0,5003540.0,33.0,,X,3,,,,,,,,,,,,,,,,,,,,,,,,,,,,,,,
REMEDELLO30,BS,REMEDELLO,ARPA,30,VIA L. DA VINCI (REMEDELLO SOPRA),1607659.0,5014579.0,45.5,,,,,,,,,,,,,,,,,,,,,,,,,,,,,,,,,,
RESCALDINA0151810001,MI - Par.,RESCALDINA,,0151810001,"via Melzi Comune, 1",1496143.502,5051419.778,180.25,,X,1,,,,,,,,,,,,,,,,,,,,,,,,,,,,,,,
REVERE85,MN,REVERE,,85,via Smerrieri 4,1667680.0,4989800.0,14.5,,,1,,,,,,,,,,,,,,,,,,,,,,,,,,,,,,,
REZZATO31,BS,REZZATO,ASM,31,via Gardesana - Treponti,1604156.0,5040364.0,148.0,,,2,,,,,,,,,,,,,,,,,,,,,,,,,,,,,,,
RHO0151820106,MI - Par.,RHO,,0151820106,Alumix spa via S.Martino,1503760.0,5039860.0,138.59,,,1,,,,,,,,,,,,,,,,,,,,,,,,,,,,,,,
RIPALTA ARPINA019080.0002,CR,RIPALTA ARPINA,,019080.0002,via Capitani,1557143.875,5016713.5,65.0,,X,3,168.0,180.0,168.0,180.0,,,,,,,,,,,,,,,,,,,,,,,,,,,189.0
RIPALTA CREMASCA019081.0002,CR,RIPALTA CREMASCA,,019081.0002,Loc. Zappello,1554044.0,5020362.0,76.0,,X,1,137.0,149.0,137.0,149.0,,,,,,,,,,,,,,,,,,,,,,,,,,,160.0
ROBBIO33,PV,ROBBIO,,33,via Dentici,1468130.0,5014730.0,118.3,,X,3,,,,,,,,,,,,,,,,,,,,,,,,,,,,,,,
RODANO0151850004,MI - Città,RODANO,,0151850004,via S.Pellico,1528130.0,5035520.0,110.5,,X,3,,,,,,,,,,,,,,,,,,,,,,,,,,,,,,,
RODENGO32,BS,RODENGO,SAIANO   ASM,32,Santa di Padergnone,1586957.0,5049659.0,172.4,,,2,,,,,,,,,,,,,,,,,,,,,,,,,,,,,,,
ROMANENGO019086.0005,CR,ROMANENGO,,019086.0005,via XX Settembre,1561466.875,5025607.5,82.0,,X,3,128.0,131.0,128.0,131.0,,,,,,,,,,,,,,,,,,,,,,,,,,,140.0
RONCELLO0151860001,MI - MONZA,RONCELLO,CAP,0151860001,S.Ambrogio-serb.,1535790.0,5049790.0,192.99,,X,2,,,,,,,,,,,,,,,,,,,,,,,,,,,,,,,
RONCO BR.0151870001,MI,RONCO BR.,,0151870001, via Mandelli-serb.,1531390.003,5057041.005,249.31,,,,,,,,,,,,,,,,,,,,,,,,,,,,,,,,,,
ROVELLASCA3(5),CO,ROVELLASCA,Cons. Lura Ambiente   pozzo 2,3(5),via Dante,1504185.0,5057342.0,247.0,,X,MISTA,,,,,,,,,,,,,,,,,,,,,,,,,,,,,,,
ROVELLO PORRO017(1bis),CO,ROVELLO PORRO,Cons. Lura Ambiente   pozzo 3,017(1bis),via General Porro,1503100.0,5055090.0,235.0,,X,3,,,,,,,,,,,,,,,,,,,,,,,,,,,,,,,
ROVELLO PORRO4,CO,ROVELLO PORRO,Consorzio Lura Ambiente spa,4,Via don Ballabio,1503030.0,5056525.0,245.0,,,,,,,,,,,,,,,,,,,,,,,,,,,,,,,,,,
ROVERBELLA89,MN,ROVERBELLA,,89,via Giulio Romano 12,1641740.0,5013610.0,36.5,,,1,,,,,,,,,,,,,,,,,,,,,,,,,,,,,,,
S.ANGELO LODIGIANO0980500005,LO,S.ANGELO LODIGIANO,CAP               ,0980500005,fraz.Ranera,1532041.0,5007048.0,68.25,,X,1,,,,,,,,,,,,,,,,,,,,,,,,,,,,,,,
S.GIULIANO0151950015,MI,S.GIULIANO,,0151950015, v.Tolstoy,1523874.16,5025487.77,95.41,,,,,,,,,,,,,,,,,,,,,,,,,,,,,,,,,,
S.ROCCO AL PORTO0980490001,LO,S.ROCCO AL PORTO,CAP        ,0980490001,via Acquedotto,1554770.0,4992220.0,43.59,,X,1,,,,,,,,,,,,,,,,,,,,,,,,,,,,,,,
SABBIONETA91,MN,SABBIONETA,,91,PANGUANETA S.P.A.,1617220.0,4983370.0,23.0,,,,,,,,,,,,,,,,,,,,,,,,,,,,,,,,,,
SALERANO0981900003,LO,SALERANO,,0981900003,,1530130.0,5015585.0,80.48,,,,,,,,,,,,,,,,,,,,,,,,,,,,,,,,,,
SAMARATEPO1211800500T0,VA,SAMARATE,,PO1211800500T0,via Mezzomonte - C. Costa,1481085.0,5052910.0,223.7,,X,SUPERF.,,,,,,,,,,,,,,,,,,,,,,,,,,,,,,,
SAN  DONATO0151920005,MI-Città,SAN  DONATO,,0151920005,via .A.Moro,1520822.0,5030727.0,103.19,,,3,,,,,,,,,,,,,,,,,,,,,,,,,,,,,,,
SAN BASSANO019088.0003,CR,SAN BASSANO,,019088.0003,p.zza Kennedy,1563511.125,5010176.0,58.0,,X,3,130.0,138.0,130.0,138.0,,,,,,,,,,,,,,,,,,,,,,,,,,,204.0
SAN BENEDETTO PO92,MN,SAN BENEDETTO PO,,92,via Campasso - Portiolo,1646150.0,4989260.0,15.0,,,2,,,,,,,,,,,,,,,,,,,,,,,,,,,,,,,
SAN BENEDETTO PO93,MN,SAN BENEDETTO PO,,93,via Crociare - Portiolo,1646180.0,4989600.0,16.29999924,,,3,,,,,,,,,,,,,,,,,,,,,,,,,,,,,,,
SAN DANIELE PO019089.0002,CR,SAN DANIELE PO,,019089.0002,via XXV Aprile,1592744.125,4990492.5,35.0,,X,3,168.0,180.0,168.0,180.0,,,,,,,,,,,,,,,,,,,,,,,,,,,189.0
SAN GIACOMO DELLE SEGNATE94,MN,SAN GIACOMO DELLE SEGNATE,,94,piazza Martiri di belfiore 77,1660530.0,4981750.0,16.60000038,,,1,,,,,,,,,,,,,,,,,,,,,,,,,,,,,,,
SAN GIOVANNI DOSSO96,MN,SAN GIOVANNI DOSSO,,96,Comune,1664380.0,4982600.0,14.0,,X,3,,,,,,,,,,,,,,,,,,,,,,,,,,,,,,,
SAN GIOVANNI IN CROCE019090.0001,CR,SAN GIOVANNI IN CROCE,,019090.0001,via Busi,1608405.0,4992581.5,26.0,,X,3,,,,,,,,,,,,,,,,,,,,,,,,,,,,,,,
SAN MARTINO97,MN,SAN MARTINO,,97,Belletti Guglielmo,1619010.0,4994120.0,26.8,,X,3,154.0,163.0,154.0,163.0,,,,,,,,,,,,,,,,,,,,,,,,,,1993.0,210.0
SANNAZZARO60,PV,SANNAZZARO,,60,viale Loreto,1492065.0,4994625.0,86.0,,X,3,,,,,,,,,,,,,,,,,,,,,,,,,,,,,,,
SANTA CRISTINA14,PV,SANTA CRISTINA,1,14,via Milano,1531060.0,5000720.0,71.0,,X,2,,,,,,,,,,,,,,,,,,,,,,,,,,,,,,,
SCANDOLARA RAVARA019092.0004,CR,SCANDOLARA RAVARA,,019092.0004,via Chiesa,1602689.75,4989718.5,30.0,,X,2,68.5,77.5,68.5,77.5,,,,,,,,,,,,,,,,,,,,,,,,,,,81.5
SEDRIANO0152040003,MI,SEDRIANO,,0152040003, via Fagnani ,1497773.996,5037221.0,144.23,,,,,,,,,,,,,,,,,,,,,,,,,,,,,,,,,,
SEGRATE0152050140,MI - Città,SEGRATE,,0152050140,idroscalo,1523056.0,5035094.0,110.72,,X,2,,,,,,,,,,,,,,,,,,,,,,,,,,,,,,,
SENAGO0152060004,MI - Par.,SENAGO,,0152060004,via Adda,1510325.0,5047249.0,169.78,,X,2,,,,,,,,,,,,,,,,,,,,,,,,,,,,,,,
SERGNANO019094.0004,CR,SERGNANO,,019094.0004,via Vallarsa,1554757.0,5030594.0,85.0,,X,1,,,,,,,,,,,,,,,,,,,,,,,,,,,,,,,
SESTO C.PO1212000200T0,VA,SESTO C.,,PO1212000200T0,Abbazia S.P.S. Donato,1471395.0,5064270.0,208.22,,X,PROFONDA (valle Ticino),,,,,,,,,,,,,,,,,,,,,,,,,,,,,,,
SESTO SAN GIOVANNI0152090016,MI - MONZA,SESTO SAN GIOVANNI,CAP,0152090016,via Tevere,1520400.0,5044400.0,121.98,,,,,,,,,,,,,,,,,,,,,,,,,,,,,,,,,,
SETTALA0152100004,MI - Città,SETTALA,,0152100004,depuratore,1530907.0,5030968.0,98.83,,X,1,,,,,,,,,,,,,,,,,,,,,,,,,,,,,,,
SETTIMO MILANESE0152110005,MI - Par.,SETTIMO MILANESE,,0152110005,via Fermi,1505114.0,5036454.0,132.82,,,2,,,,,,,,,,,,,,,,,,,,,,,,,,,,,,,
SIZIANO62,PV,SIZIANO,2,62,via I Maggio,1515665.0,5017899.0,89.9,,X,2,,,,,,,,,,,,,,,,,,,,,,,,,,,,,,,
SOLARO0152130021,MI - Par.,SOLARO,,0152130021,via  S.Paolo,1506736.0,5051480.0,208.0,,X,3,,,,,,,,,,,,,,,,,,,,,,,,,,,,,,,
SOMMO2,PV,SOMMO,Comune - 2,2,via XXV aprile,1506780.0,4998055.0,79.0,,X,3,,,,,,,,,,,,,,,,,,,,,,,,,,,,,,,
SPINEDA019101.0002,CR,SPINEDA,,019101.0002,via Circonvallazione,1619319.75,4990670.0,24.0,,X,3,,,,,,,,,,,,,,,,,,,,,,,,,,,,,,,
STELVIOPO014026OU0001,SO,STELVIO,pozzo 98,PO014026OU0001,DELEBIO - via Stelvio 139 ,1536281.0,5109556.0,219.878,,X,1,,,,,,,,,,,,,,,,,,,,,,,,,,,,,,,
SUISIO0162091633,BG,SUISIO,Olmi S.p.a,0162091633,"viale Europa, 25",1539574.0,5055804.0,230.6,,X,2,,,,,,,,,,,,,,,,,,,,,,,,,,,70.0,83.0,6.0,1967.0,112.0
TERNO D'ISOLA0162130228,BG,TERNO D'ISOLA,F.B.M.  Hudson Italiana S.p.a.,0162130228,"via Valtrighe, 5",1541227.0,5059580.0,233.4,,X,MISTA 1/2,30.0,120.0,30.0,34.0,38.0,42.0,46.0,50.0,68.0,72.0,78.0,84.0,90.0,96.0,102.0,108.0,114.0,120.0,,,,,,,,,65.0,96.0,,1975.0,178.0
TORNATA019106.0003,CR,TORNATA,,019106.0003,via della Pace,1612703.125,4995678.0,29.0,,X,3,91.5,109.0,91.5,109.0,,,,,,,,,,,,,,,,,,,,,,,,,,,158.0
TORRAZZA COSTE22,PV,TORRAZZA COSTE,,22,S. Giorgio,1505680.0,4980505.0,116.0,,X,1,,,,,,,,,,,,,,,,,,,,,,,,,,,,,,,
TORRE D'ARESE9,PV,TORRE D'ARESE,ARPA - 1,9,via Morivione,1525160.0,5009820.0,77.4,,X,3,,,,,,,,,,,,,,,,,,,,,,,,,,,,,,,
TORREBERETTI25,PV,TORREBERETTI,ASM - 1,25,Via Pascoli,1489690.0,5006080.0,95.0,,,,,,,,,,,,,,,,,,,,,,,,,,,,,,,,,,
TRAVAGLIATO33,BS,TRAVAGLIATO,ASM,33,mulini via Valverde,1584265.0,5042055.0,132.5,,,2,,,,,,,,,,,,,,,,,,,,,,,,,,,,,,,
TREVIGLIO0162190302,BG,TREVIGLIO,SAME Deutz Fahr Group S.p.a.,0162190302,"viale Cassani, 15",1545466.0,5041662.0,127.6,,X,2,33.0,48.0,33.0,42.0,44.0,48.0,,,,,,,,,,,,,,,,,,,,,6.6,7.0,30.0,1960.0,67.0
TREZZANO SUL NAVIGLIO0152210001,MI - Par.,TREZZANO SUL NAVIGLIO,,0152210001,via Edison,1505043.0,5029703.0,113.21,,X,1,,,,,,,,,,,,,,,,,,,,,,,,,,,,,,,
TROMELLO61,PV,TROMELLO,ASM - 1,61,Castellaro,1477165.0,4991375.0,92.0,,,,,,,,,,,,,,,,,,,,,,,,,,,,,,,,,,
TUFPO014066NR0001,SO,TUF,pozzo 3,PO014066NR0001,TIRANO - Loc. frutteto Tuf,1589667.0,5117945.0,422.185,,X,1,,,,,,,,,,,,,,,,,,,,,,,,,,,,,,,
TURATE2(3),CO,TURATE,Comune   pozzo 6,2(3),C.I.E. n.2,1501039.0,5054988.0,240.0,,X,2,,,,,,,,,,,,,,,,,,,,,,,,,,,,,,,
URAGO D'OGLIO34,BS,URAGO D'OGLIO,COGEME,34,via Castelcovati,1568653.0,5040167.0,131.0,,X,2,,,,,,,,,,,,,,,,,,,,,,,,,,,,,,,
URGNANO0162220004,BG,URGNANO,Amministrazione Comunale,0162220004,via dei Gasgnoli,1553309.0,5049721.0,169.8,,X,3,134.8,245.75,134.8,137.8,143.0,147.5,153.5,156.5,194.0,200.0,205.5,207.0,221.0,225.5,231.0,235.6,238.6,245.75,,,,,,,,,,,,1991.0,252.0
USMATE VELATEPC15227001,LC,USMATE VELATE,,PC15227001,VALAPERTA1,1527651.0,5056898.0,239.5,,X,2,,,,,,,,,,,,,,,,,,,,,,,,,,,,,,,
VAILATE019112.0003,CR,VAILATE,,019112.0003,via Carducci,1547462.5,5034885.0,102.0,,X,2,,,,,,,,,,,,,,,,,,,,,,,,,,,,,,,
VALERIANAPO014061OU0001,SO,VALERIANA,pozzo Campo Coni,PO014061OU0001,SONDRIO - via Valeriana ,1565898.0,5113030.0,286.628,,X,2,,,,,,,,,,,,,,,,,,,,,,,,,,,,,,,
VALLE LOMELLINA43,PV,VALLE LOMELLINA,1,43,,1473630.0,4999300.0,101.7,,X,3,,,,,,,,,,,,,,,,,,,,,,,,,,,,,,,
VANZAGHELLO0152490004,MI - Par.,VANZAGHELLO,,0152490004,c.na Fogna,1482365.0,5046716.0,191.5,,X,3,,,,,,,,,,,,,,,,,,,,,,,,,,,,,,,
VANZAGHELLO0152490020,MI - Par.,VANZAGHELLO,,0152490020,c.na Fogna,1482365.0,5046716.0,191.5,,X,1,,,,,,,,,,,,,,,,,,,,,,,,,,,,,,,
VENEGONO I.PO1213600100T0,VA,VENEGONO I.,,PO1213600100T0,via Sordelli 1,1492370.0,5064980.0,323.5,,X,MISTA,,,,,,,,,,,,,,,,,,,,,,,,,,,,,,,
VERDERIO SUPERIOREPC09788001,LC,VERDERIO SUPERIORE,,PC09788001,SAN CARLO - via San Carlo,1533927.0,5057534.0,248.0,,X, 2/3,,,,,,,,,,,,,,,,,,,,,,,,,,,,,,,
VERMEZZO0152350001,MI - Par.,VERMEZZO,,0152350001,via Dante,1498615.0,5026490.0,113.52,,X,2,,,,,,,,,,,,,,,,,,,,,,,,,,,,,,,
VERNATE0152360003,MI - Città,VERNATE,,0152360003,Pasturago,1506074.0,5019419.0,100.79,,X,2,,,,,,,,,,,,,,,,,,,,,,,,,,,,,,,
VEROLAVECCHIA35,BS,VEROLAVECCHIA,COGEME,35,Vill. Paolo VI,1582350.0,5019890.0,64.0,,X,3,,,,,,,,,,,,,,,,,,,,,,,,,,,,,,,
VERRUA19,PV,VERRUA,2,19,Canova,1513160.0,4994640.0,60.0,,,,,,,,,,,,,,,,,,,,,,,,,,,,,,,,,,
VIADANA105,MN,VIADANA,,105,v.le Lombardia 33,1619120.0,4976220.0,25.0,,,2,,,,,,,,,,,,,,,,,,,,,,,,,,,,,,,
VIGEVANO47,PV,VIGEVANO,4,47,presso Coop,1489525.0,5017860.0,103.5,,,,,,,,,,,,,,,,,,,,,,,,,,,,,,,,,,
VIGEVANO48,PV,VIGEVANO,9,48,Vallettta Fogliano,1487880.0,5016710.0,117.0,,X,3,,,,,,,,,,,,,,,,,,,,,,,,,,,,,,,
VIGEVANO49,PV,VIGEVANO,17,49,Corso Brodolini,1488985.0,5016985.0,102.5,,,,,,,,,,,,,,,,,,,,,,,,,,,,,,,,,,
VIGEVANO50,PV,VIGEVANO,20,50,via S. Maria,1488935.0,5017060.0,103.0,,X,1,,,,,,,,,,,,,,,,,,,,,,,,,,,,,,,
VIGNATE0152370002,MI,VIGNATE,,0152370002,via Marconi ,1529485.0,5038157.0,117.5,,,,,,,,,,,,,,,,,,,,,,,,,,,,,,,,,,
VILLA CARCINA36,BS,VILLA CARCINA,ARPA,36,via dei Cairoli,1593295.0,5053355.0,232.5,,,2,,,,,,,,,,,,,,,,,,,,,,,,,,,,,,,
VIMERCATE0152410041,MI - MONZA,VIMERCATE,CAP,0152410041,IBM pozzo E,1528045.0,5053045.0,180.79,,,,,,,,,,,,,,,,,,,,,,,,,,,,,,,,,,
VOGHERA20,PV,VOGHERA,8,20,via Bassi,1499680.0,4983305.0,90.5,,X,3,,,,,,,,,,,,,,,,,,,,,,,,,,,,,,,
VOGHERA27,PV,VOGHERA,1,27,via Volturno,1501045.0,4981950.0,98.4,,X,2,,,,,,,,,,,,,,,,,,,,,,,,,,,,,,,
ZERBOLÒ3,PV,ZERBOLÒ,ASM - 1,3,Viale Libertà,1501220.0,5005810.0,67.7,,,,,,,,,,,,,,,,,,,,,,,,,,,,,,,,,,
ZINASCO1,PV,ZINASCO,2,1,S.P. Alessandria-Pavia,1501635.0,4996750.0,82.2,,,,,,,,,,,,,,,,,,,,,,,,,,,,,,,,,,
