PROV,COMUNE - DENOMINAZIONE,CODICE,LOCALITA',X,Y,Q,NOTE,STRAT.,FALDA,PUBBLICO,gen-01,feb-01,mar-01,apr-01,mag-01,giu-01,lug-01,ago-01,set-01,ott-01,nov-01,dic-01,gen-02,feb-02,mar-02,apr-02,mag-02,giu-02,lug-02,ago-02,set-02,ott-02,nov-02,dic-02,gen-03,feb-03,mar-03,apr-03,INZ_FLT,FIN_FLT,FLT1_DA,FLT1_A,FLT2_DA,FLT2_A,FLT3_DA,FLT3_A,FLT4_DA,FLT4_A,FLT5_DA,FLT5_A,FLT6_DA,FLT6_A,FLT7_DA,FLT7_A,FLT8_DA,FLT8_A,FLT9_DA,FLT9_A,FLT10_DA,FLT10_A,FLT11_DA,FLT11_A,FLT12_DA,FLT12_A,L.S. ,L.D. ,Q,ANNO,PROFONDITA' COLONNA
BG,BREMBATE - Beiersdorf S.p.a.,160370011,"via dei Murari, 7",1542716,5050800,181,,X,3,,,,,,145.14,145.27,145.43,,144.95,144.64,144.07,143.77,143.36,143.34,143.15,,144.43,144.5,144.97,144.88,140.4,144.3,141.25,144.8,143.9,144.5,144.05,143.58,93,116,93,96,102.31,116,,,,,,,,,,,,,,,,,,,,,29,31,43.84,,125
BG,CHIGNOLO D'ISOLA - Bergum Impianti / Flag,160722490,"via Industriale, 1",1541538,5057511,214.9,,X,1,,,,,,180.27,179.38,178.69,178.07,177.92,178.15,178.73,177.72,177.02,181.05,179.64,,181.44,180.4,180.8,179.74,180.42,180.27,185.86,182.96,181.16,179.97,179.92,178.12,42,72,42,46,52,62,66,72,,,,,,,,,,,,,,,,,,,50,57,10.5,1967,78
BG,PONTE S. PIETRO - Amministrazione Comunale,161700003,via Moioli,1545759,5060572,225.2,,,2,,,,,,,,,,,,,,203.46,204.7,204.35,,206.6,205.01,205.74,205.83,206.19,205.34,210.47,207.15,205.5,204.98,204.55,204.39,,,,,,,,,,,,,,,,,,,,,,,,,,,,,,,
BG,PONTE S. PIETRO - Amministrazione Comunale,161700005,Via Papa Giovanni XXIII,1545242,5060590,239.2,,,,,,,,,209.55,208.31,208.08,207.67,207.98,208.94,207.8,207.15,,,,,,,,,,,,,,,,,,,,,,,,,,,,,,,,,,,,,,,,,,,,,,,
BG,SUISIO - Olmi S.p.a,162091633,"viale Europa, 25",1539574,5055804,230.6,,X,2,,,,,,160.77,159.93,160.85,160.09,160.6,159.6,157.8,157.6,157.55,156.74,157.38,,158.9,159.28,160.84,160.85,160.53,160.35,160.06,161.66,163.5,163.27,160.46,158.25,,,,,,,,,,,,,,,,,,,,,,,,,,,70,83,6,1967,112
BG,TERNO D'ISOLA - F.B.M.  Hudson Italiana S.p.a.,162130228,"via Valtrighe, 5",1541227,5059580,233.4,,X,MISTA 1/2,,,,,,,,,,193.85,194.16,194,193.91,157.97,157.35,157.86,,,,,,,,,,,,,,30,120,30,34,38,42,46,50,68,72,78,84,90,96,102,108,114,120,,,,,,,,,65,96,,1975,178
BG,BERGAMO - N. Istit. Ital. d' Arti Grafiche S.p.a.,160240273,via Zanica,1552436,5057637,231.4,,X,1,,,,,,175.25,177.18,176.61,177.2,176.24,177.05,176.15,175.87,174.86,174.98,173.48,,175.98,176.23,176.62,177.27,176.45,176.93,176,177.13,175.3,175.24,174.4,174.4,,,,,,,,,,,,,,,,,,,,,,,,,,,51,55,20,1965,86
BG,DALMINE - Amministrazione Comunale,160910003,via Fiume Adda,1546509,5056225,211.8,,,3,,,,,,213.51,213.69,214.31,215.27,213.57,214.18,211.79,212.47,163.35,164.78,165.12,,169.85,169.71,171.23,170.99,170.18,168.9,171.68,173.8,171.2,170.22,167.39,166.02,134,272.5,134,140,146,152,166,172,181,184,193,196,204,205.5,208,211,213.5,218,229,235,247,250,257,263,267.5,272.5,,,,,
BG,GORLE - Tintex S.p.a.,161150118,"via Celadina, 2",1555493,5060225,261.5,,X,2,,,,,,,,,,,,,,211.02,211.27,211.54,,214.42,214.64,215.35,215.48,214.35,213.3,214.36,215.8,213.2,212.74,211.94,211.83,56,68,56,68,,,,,,,,,,,,,,,,,,,,,,,50,50.5,10.8,1975,70.5
BG,GRASSOBBIO - Cava delle Capannelle S.r.l.,161170112,"via Capannelle, 19",1557640,5053380,195.1,,X,2,,,,,,161.12,162.15,163.36,162.89,161.5,160.76,159.73,158.07,156.8,155.67,156.08,,159.88,161.02,162.63,163.19,162.13,160.87,161.42,164.05,161.23,160.42,158.51,157.93,,,,,,,,,,,,,,,,,,,,,,,,,,,,,,,53
BG,PONTE S. PIETRO - Amministrazione Comunale,161700003,via Moioli,1545759,5060572,225.2,,,2,,,,,,,,,,,,,,203.46,204.7,204.35,,206.6,205.01,205.74,205.83,206.19,205.34,210.47,207.15,205.5,204.98,204.55,204.39,,,,,,,,,,,,,,,,,,,,,,,,,,,,,,,
BG,PONTE S. PIETRO - Amministrazione Comunale,161700005,Via Papa Giovanni XXIII,1545242,5060590,239.2,,,,,,,,,209.55,208.31,208.08,207.67,207.98,208.94,207.8,207.15,,,,,,,,,,,,,,,,,,,,,,,,,,,,,,,,,,,,,,,,,,,,,,,
BG,BREMBATE - Beiersdorf S.p.a.,160370011,"via dei Murari, 7",1542716,5050800,181,,X,3,,,,,,145.14,145.27,145.43,,144.95,144.64,144.07,143.77,143.36,143.34,143.15,,144.43,144.5,144.97,144.88,140.4,144.3,141.25,144.8,143.9,144.5,144.05,143.58,93,116,93,96,102.31,116,,,,,,,,,,,,,,,,,,,,,29,31,43.84,,125
BG,LEVATE - Acquedotto Pianura Bergamasca,161260105,"via per Levate, 40 - Osio Sotto ",1548179,5052042,180.9,,X,3,,,,,,156.21,156.72,157.1,157.17,156.29,155.7,154.35,153.7,152.47,151.71,151.82,,153.65,154.02,156.06,156.65,156.1,155.33,,155.55,154.7,155.93,154.45,153.1,159,300.5,159,165,171,177,178,184.6,194,200,201.5,215.5,220,223,225.5,230,233.5,238.6,242.5,245.5,259.9,266.5,278,281,294.5,300.5,22.84,,,1993,315
BG,TREVIGLIO - SAME Deutz Fahr Group S.p.a.,162190302,"viale Cassani, 15",1545466,5041662,127.6,,X,2,,,,,,115.5,118.76,119.49,119.96,118.53,117.16,116.03,115.5,114.78,114.27,113.95,,115.4,116.7,118.83,118.79,117.56,116.32,116.19,112.66,115.5,114.76,114.12,115.04,33,48,33,42,44,48,,,,,,,,,,,,,,,,,,,,,6.6,7,30,1960,67
BG,URGNANO - Amministrazione Comunale,162220004,via dei Gasgnoli,1553309,5049721,169.8,,X,3,,,,,,156.08,156.56,157.64,157.93,157.3,156.26,155.42,154.53,153.34,151.99,151.76,,153.04,154.6,156.35,157.42,156.8,155.9,155.73,157.55,155.82,155.85,154.27,152.95,134.8,245.75,134.8,137.8,143,147.5,153.5,156.5,194,200,205.5,207,221,225.5,231,235.6,238.6,245.75,,,,,,,,,,,,1991,252
BG,MISANO GERA D'ADDA - Amministrazione Comunale,161350001,via Garibaldi,1548577,5035708,104.1,,X,2,,,,,,101.47,101.68,102.01,102.26,101.82,101.47,101.18,100.98,100.69,100.88,100.5,,101.63,101.85,102.26,102.09,101.69,101.27,101.9,100.5,100.86,100.58,100.38,101.33,49,70,49,61,64,70,,,,,,,,,,,,,,,,,,,,,2.3,3,40,1974,82
BG,PAGAZZANO - Arrigoni S.p.a.,161540946,"via Morengo, 31",1552647,5042405,124.1,,,,,,,,,119.62,119.62,120.27,121.3,121.1,120.62,120.29,119.7,118.78,118.69,118.15,,118.2,,120.12,120.8,120.59,120.1,121.4,120.85,120.15,119.6,118.86,118.31,,,,,,,,,,,,,,,,,,,,,,,,,,,,,,,
CR,CHIEVE,19029.0001,via Zaninelli,1548491.25,5021128.5,78,,X,3,,,,,,,,,,,20.21,20.37,20.43,,,20.53,,,,,,,,,,,,,,148,157,148,157,,,,,,,,,,,,,,,,,,,,,,,,,,,166.5
CR,RIPALTA CREMASCA,19081.0002,Loc. Zappello,1554044,5020362,76,,X,1,,,,,,,,,,,57.26,57.26,57.12,,,56.85,,,,,,,,,,,,,,137,149,137,149,,,,,,,,,,,,,,,,,,,,,,,,,,,160
BG,BOLGARE - Lartigianabottoni S.p.a.,160281385,"via Papa Giovanni XXIII, 26",1563060,5053915,199,,X,2,,,,,,162.25,162,,,,161.3,160.56,159.5,157.53,157.66,158.37,,161.37,162.4,163.72,164.33,163.68,162.35,162.1,165.18,,162.16,160.49,158.76,,,,,,,,,,,,,,,,,,,,,,,,,,,,,,,102
BG,GORLE - Tintex S.p.a.,161150118,"via Celadina, 2",1555493,5060225,261.5,,X,2,,,,,,,,,,,,,,211.02,211.27,211.54,,214.42,214.64,215.35,215.48,214.35,213.3,214.36,215.8,213.2,212.74,211.94,211.83,56,68,56,68,,,,,,,,,,,,,,,,,,,,,,,50,50.5,10.8,1975,70.5
BG,GRASSOBBIO - Cava delle Capannelle S.r.l.,161170112,"via Capannelle, 19",1557640,5053380,195.1,,X,2,,,,,,161.12,162.15,163.36,162.89,161.5,160.76,159.73,158.07,156.8,155.67,156.08,,159.88,161.02,162.63,163.19,162.13,160.87,161.42,164.05,161.23,160.42,158.51,157.93,,,,,,,,,,,,,,,,,,,,,,,,,,,,,,,53
BG,PALOSCO - Comarmi S.n.c.,161573378,"Via Bergamo, 1",1564618,5049592,160,,,,,,,,,151.38,150.44,150.53,,150.3,150.64,149.87,149.24,,,,,,,,,,,,,,,,,,,,,,,,,,,,,,,,,,,,,,,,,,,,,,,
BG,PALOSCO - Valtulini Giacomo,161573380,C.na Gritti,1564511,5046783,149.2,,X,1,,,,,,,,,,,,,,136.95,134.74,134.85,,136.55,136.61,137.53,137.85,137.37,136.95,137.3,137.85,136.1,136.72,135.97,135.35,16.58,48.5,16.58,48.5,,,,,,,,,,,,,,,,,,,,,,,15.2,,,1990,51.5
BG,CIVIDATE AL PIANO - Acciaieria di Cividate S.p.a. ,160731283,Loc. Motta Alta,1565706,5042165,131.2,,X,MISTA 2/3,,,,,,190.91,191.72,192.33,191.57,189.66,188.82,187.15,185.77,120.9,120.9,120.83,,121.84,121.9,122.43,122.5,122.06,121.67,122.7,120.55,121.1,121.39,121.02,121.03,51.48,82,51.48,82,,,,,,,,,,,,,,,,,,,,,,,10,19,65,,82
BG,ISSO - Boieri Luigi-Clariant S.p.a. (Archimica),161220512-161220144,C.na Secchi-S.S. 11 - Padana Superiore,1557501,5036628,104.6,,,,,,,,,103.15,,,102.2,102.2,102.21,102.21,102.21,101,101.36,101.05,,101.36,101.16,101.3,101.31,101.33,101.2,102.1,98.9,100.8,101.12,101.01,101.03,,,,,,,,,,,,,,,,,,,,,,,,,,,,,,,
BG,MARTINENGO - Stamperia di Martinengo S.r.l.,161330158,"via Pinetti, 44",1559095,5046594,150.7,,,2,,,,,,147.05,146.76,147.12,147.18,147.19,147,146.75,147.39,146.33,146.22,146.35,,147.04,147.06,147.33,147.55,147.39,147.07,147.95,147.7,147.48,146.92,146.61,146.3,,,,,,,,,,,,,,,,,,,,,,,,,,,,,,,
BG,PUMENENGO - Amministrazione Comunale,161770001,"viale Europa, 9",1567778,5036490,110.4,,,,,,,,,100.22,101.73,101.91,102.1,100.88,100.2,100,99.9,99.28,99.25,99.1,,100.91,101.37,101.39,100.99,100.36,100.02,100.55,99.75,99.85,99.51,99.21,100.21,,,,,,,,,,,,,,,,,,,,,,,,,,,,,,,
CR,FIESCO,19043.0003,via F. Noli,1561257.5,5020927,72,,X,3,,,,,,,,,,,27.02,26.77,26.78,,,26.69,,,,,,,,,,61.83,61.82,61.74,,133,154,133,154,,,,,,,,,,,,,,,,,,,,,,,,,,,201
CR,IZANO,19054.0003,via Zanesa,1558392.375,5022772,77,,X,3,,,,,,,,,,,32.11,32.17,32.13,31.73,31.99,32.07,31.94,32.27,32.37,,,,,,,,,,,128,134,128,134,,,,,,,,,,,,,,,,,,,,,,,,,,,182.5
CR,MADIGNANO,19055.0002,via Dante,1556531.875,5021341,72,,X,3,,,,,,,,,,,68.31,68.2,68.15,,,67.86,,,,,,,,,,,,,,141,147,141,147,,,,,,,,,,,,,,,,,,,,,,,,,,,166
CR,ROMANENGO,19086.0005,via XX Settembre,1561466.875,5025607.5,82,,X,3,,,,,,,,,,,67.41,67.41,67.25,,,67.06,,,,,,,,,,,,,,128,131,128,131,,,,,,,,,,,,,,,,,,,,,,,,,,,140
CR,ANNICCO,19003.0005,via A. da Brescia,1569250.375,5010522,60,,X,2,,,,,,,,,,,,,,,204.4,,,,,,,,,,,,,,,103.4,116.9,103.4,116.9,,,,,,,,,,,,,,,,,,,,,,,,,,,122
CR,PIZZIGHETTONE,19076.0006,via Stadio,1562536.875,5004476.5,46,,X,3,,,,,,,,,,,34,34,34,34.51,34.51,34.51,34.51,34.51,34.51,,,,,,,44.96,44.86,44.88,,121,129,121,129,,,,,,,,,,,,,,,,,,,,,,,,,,,182
CR,POZZAGLIO,19077.0001,via bongiovanni,1582847,5005656,50,,X,3,,,,,,,,,,,44.41,44.36,44.29,44,44.22,44.01,43.94,43.98,43.93,,,,,,,38.37,38.32,38.35,,181.2,194.9,181.2,194.9,,,,,,,,,,,,,,,,,,,,,,,,,,,201
CR,RIPALTA ARPINA,19080.0002,via Capitani,1557143.875,5016713.5,65,,X,3,,,,,,,,,,,37.57,37.62,37.62,37.56,37.38,37.46,37.23,37.62,37.67,,,,,,,,,,,168,180,168,180,,,,,,,,,,,,,,,,,,,,,,,,,,,189
CR,SAN BASSANO ,19088.0003,p.zza Kennedy,1563511.125,5010176,58,,X,3,,,,,,,,,,,82,82,82,,,82.47,,,,,,,,,,,,,,130,138,130,138,,,,,,,,,,,,,,,,,,,,,,,,,,,204
CR,CINGIA DE' BOTTI,19031.0003,via Pievetta,1600202,4993266.5,30,,X,3,,,,,,,,,,,70.74,70.72,70.54,,,70.33,,,,,,,,,,,,,,154,160.5,154,160.5,,,,,,,,,,,,,,,,,,,,,,,,,,,187.5
CR,MALAGNINO,19056.0003,via Stazione,1587474.25,4998750,40,,X,2,,,,,,,,,,,68.61,68.55,68.41,,,68.44,,,,,,,,,,,,,,131.5,134.5,131.5,134.5,,,,,,,,,,,,,,,,,,,,,,,,,,,164
CR,SAN DANIELE PO,19089.0002,via XXV Aprile,1592744.125,4990492.5,35,,X,3,,,,,,,,,,,46.83,46.76,46.73,,,46.3,,,,,,,,,,,,,,168,180,168,180,,,,,,,,,,,,,,,,,,,,,,,,,,,189
CR,SCANDOLARA RAVARA,19092.0004,via Chiesa,1602689.75,4989718.5,30,,X,2,,,,,,,,,,,24.02,24.01,24.06,,,23.97,,,,,,,,,,27,26.79,26.88,,68.5,77.5,68.5,77.5,,,,,,,,,,,,,,,,,,,,,,,,,,,81.5
MN,BOZZOLO,17,COMUNE,1616760,4995900,27.3,,,,,,,,,,22.48,22.1,22.1,22.23,22.13,22.43,22.46,22.2,,22.36,22.35,,22.15,22.18,,22.25,,,,,,,,,,,,,,,,,,,,,,,,,,,,,,,,,,,,,,
MN,GAZZUOLO,49,ITALGAS (VIADANA),1624010,4992410,23.5,,,,,,,,,,,26.4,26.45,26.34,26.49,26.78,25.49,26.6,,26.7,26.7,,26.6,26.4,,26.55,,,,,,,,,,,,,,,,,,,,,,,,,,,,,,,,,,,,,,
MN,SAN MARTINO,97,Belletti Guglielmo,1619010,4994120,26.8,,X,3,,,,,,,10.02,9.6,9.6,9.46,9.47,9.28,9.27,9,,,,,,,,9.6,,,,24.28,24.05,23.96,,154,163,154,163,,,,,,,,,,,,,,,,,,,,,,,,,,1993,210
CR,CAPPELLA DE' PICENARDI,19014.0001,via Cavour,1596934,5001321,42,,X,3,,,,,,,,,,,46.3,46.36,46.21,,,46.09,,,,,,,,,,,,,,153.6,163.1,153.6,163.1,,,,,,,,,,,,,,,,,,,,,,,,,,,169
CR,GRONTARDO,19050.0002,Fraz. Levata,1589592,5006001,47,,X,3,,,,,,,,,,,61.83,61.77,61.63,61.54,61.71,61.52,61.42,61.57,61.52,,,,,,,,,,,156.5,169,156.5,169,,,,,,,,,,,,,,,,,,,,,,,,,,,179
CR,ISOLA DOVARESE,19053.0002,via Fornace,1602524.875,5002716,38,,X,3,,,,,,,,,,,21.74,21.76,21.72,,,22.07,,,,,,,,,,32.68,32.8,32.78,,,,,,,,,,,,,,,,,,,,,,,,,,,,,,,,
CR,PESCAROLO 3,19069.0003,Loc. Palestra,1593492,5005268.5,45,,X,3,,,,,,,,,,,75.98,76.14,75.59,,,75.65,,,,,,,,,,,,,,167,192,167,192,,,,,,,,,,,,,,,,,,,,,,,,,,,192.5
CR,Pescarolo 4,,Loc. Palestra,1593527.875,5005190.5,45,,,,,,,,,,,,,,,,,,,,,,,,,,,,,,,,,,,,,,,,,,,,,,,,,,,,,,,,,,,,,,,
CR,PIADENA,19071.0003,via Bassa,1607835.25,4998399.5,34,,X,3,,,,,,,,,,,34.06,34.16,33.96,,,,,,,,,,,,,,34.12,34.11,,158.5,172,158.5,172,,,,,,,,,,,,,,,,,,,,,,,,,,,181.5
CR,TORNATA,19106.0003,via della Pace,1612703.125,4995678,29,,X,3,,,,,,,,,,,24,24,24,24.4,24.4,24.4,24.4,23.83,23.81,,,,,,,,,,,91.5,109,91.5,109,,,,,,,,,,,,,,,,,,,,,,,,,,,158
CR,CASALMAGGIORE 8,19021.0008,Vicomoscano,1613736.375,4981155.5,26,,X,2,,,,,,,,,,,84.22,84.12,84.06,83.96,83.99,83.82,83.77,84.12,84.1,,,,,,,,,,,138,142,138,142,,,,,,,,,,,,,,,,,,,,,,,,,,,165
CR,GUSSOLA,19052.0004,via Bergamonti,1606756,4984844,26,,X,2,,,,,,,,,,,35.72,35.85,35.88,,,35.72,,,,,,,,,,,,,,74.4,77.4,74.4,77.4,,,,,,,,,,,,,,,,,,,,,,,,,,,177
